{"last_download_failure": 1690288113.337425, "last_download_success": 1690288111.2048943, "unseen_downloads": ["/home/koen/.config/variety/Downloaded/Unsplash/photo-1585468274952-66591eb14165.jpg", "/home/koen/.config/variety/Downloaded/Unsplash/photo-1687777239213-45fa97d7cf9d.jpg", "/home/koen/.config/variety/Downloaded/Unsplash/photo-1687984351000-1afcdcfe5913.jpg", "/home/koen/.config/variety/Downloaded/Unsplash/photo-1687639676496-ebb340ee4def.jpg", "/home/koen/.config/variety/Downloaded/Unsplash/photo-1688081637107-11d26476fd83.jpg", "/home/koen/.config/variety/Downloaded/Unsplash/photo-1688746515540-61243f2012b9.jpg", "/home/koen/.config/variety/Downloaded/Unsplash/photo-1685223366876-892c28363596.jpg", "/home/koen/.config/variety/Downloaded/Unsplash/photo-1689182227491-022894f8ca5b.jpg", "/home/koen/.config/variety/Downloaded/Unsplash/photo-1689046194076-62199393c464.jpg", "/home/koen/.config/variety/Downloaded/Unsplash/photo-1689874099574-b2c02629348b.jpg"]}